"404","8428","4","103","1"
"403","8428","3","205","1"
"402","8428","2","204","1"
"401","8428","1","202","1"
"40","11654","4","102","1"
"39","11654","3","202","1"
"38","11654","2","101","1"
"37","11654","1","204","1"
"45","11155","1","204","1"
"46","11155","2","202","1"
"47","11155","3","301","1"
"48","11155","4","102","1"
"53","11524","1","101","1"
"54","11524","2","301","1"
"55","11524","3","204","1"
"56","11524","4","202","1"
"57","10642","1","101","1"
"58","10642","2","103","1"
"59","10642","3","204","1"
"60","10642","4","102","1"
"61","8823","1","102","1"
"62","8823","2","204","1"
"63","8823","3","101","1"
"64","8823","4","202","1"
"65","9587","1","401","1"
"66","9587","2","204","1"
"67","9587","3","102","1"
"68","9587","4","205","1"
"97","9683","1","204","1"
"99","9683","3","202","1"
"98","9683","2","205","1"
"100","9683","4","101","1"
"493","9107","1","204","1"
"494","9107","2","202","1"
"495","9107","3","103","1"
"496","9107","4","101","1"
"2241","8866","1","202","1"
"2242","8866","2","204","1"
"2243","8866","3","103","1"
"2244","8866","4","102","1"
"89","11091","1","101","1"
"90","11091","2","102","1"
"91","11091","3","205","1"
"92","11091","4","204","1"
"3057","8967","1","204","1"
"3058","8967","2","301","1"
"3059","8967","3","202","1"
"3060","8967","4","205","1"
"3497","8252","1","202","1"
"3498","8252","2","204","1"
"3499","8252","3","205","1"
"3500","8252","4","301","1"
"109","11316","1","101","1"
"110","11316","2","204","1"
"111","11316","3","102","1"
"112","11316","4","103","1"
"125","8697","1","202","1"
"126","8697","2","204","1"
"127","8697","3","205","1"
"128","8697","4","101","1"
"3281","9222","1","205","1"
"3282","9222","2","204","1"
"3283","9222","3","102","1"
"3284","9222","4","202","1"
"389","9302","1","204","1"
"390","9302","2","205","1"
"391","9302","3","202","1"
"392","9302","4","102","1"
"301","11559","1","205","1"
"302","11559","2","204","1"
"303","11559","3","202","1"
"304","11559","4","103","1"
"1453","8262","1","204","1"
"1454","8262","2","102","1"
"1455","8262","3","101","1"
"1456","8262","4","205","1"
"3433","11647","1","103","1"
"3434","11647","2","204","1"
"3435","11647","3","401","1"
"3436","11647","4","101","1"
"145","10153","1","102","1"
"146","10153","2","101","1"
"147","10153","3","202","1"
"148","10153","4","205","1"
"3101","10296","1","101","1"
"3102","10296","2","102","1"
"3103","10296","3","202","1"
"3104","10296","4","103","1"
"161","10790","1","204","1"
"162","10790","2","101","1"
"163","10790","3","202","1"
"164","10790","4","205","1"
"169","8478","1","204","1"
"170","8478","2","205","1"
"171","8478","3","202","1"
"172","8478","4","102","1"
"181","9679","1","102","1"
"182","9679","2","103","1"
"183","9679","3","101","1"
"184","9679","4","204","1"
"197","10726","1","204","1"
"198","10726","2","101","1"
"199","10726","3","102","1"
"200","10726","4","202","1"
"201","9838","1","401","1"
"202","9838","2","103","1"
"203","9838","3","101","1"
"204","9838","4","102","1"
"2797","8050","1","204","1"
"2798","8050","2","103","1"
"2799","8050","3","102","1"
"2800","8050","4","301","1"
"969","10374","1","101","1"
"970","10374","2","102","1"
"971","10374","3","103","1"
"972","10374","4","205","1"
"221","10136","1","101","1"
"222","10136","2","103","1"
"223","10136","3","204","1"
"224","10136","4","102","1"
"225","9167","1","204","1"
"226","9167","2","202","1"
"227","9167","3","205","1"
"228","9167","4","102","1"
"233","8647","1","202","1"
"234","8647","2","204","1"
"235","8647","3","205","1"
"236","8647","4","102","1"
"261","8138","1","301","1"
"264","8138","4","205","1"
"263","8138","3","204","1"
"262","8138","2","401","1"
"441","7099","1","103","1"
"442","7099","2","102","1"
"443","7099","3","101","1"
"444","7099","4","202","1"
"265","9491","1","204","1"
"266","9491","2","205","1"
"267","9491","3","202","1"
"268","9491","4","101","1"
"837","9274","1","202","1"
"838","9274","2","204","1"
"839","9274","3","102","1"
"840","9274","4","205","1"
"281","11190","1","204","1"
"282","11190","2","102","1"
"283","11190","3","202","1"
"284","11190","4","101","1"
"289","8790","1","204","1"
"290","8790","2","202","1"
"291","8790","3","102","1"
"292","8790","4","103","1"
"293","8822","1","204","1"
"294","8822","2","202","1"
"295","8822","3","205","1"
"296","8822","4","103","1"
"313","8784","1","204","1"
"314","8784","2","205","1"
"315","8784","3","102","1"
"316","8784","4","101","1"
"321","9616","1","102","1"
"322","9616","2","204","1"
"323","9616","3","202","1"
"324","9616","4","101","1"
"3289","8797","1","204","1"
"3290","8797","2","202","1"
"3291","8797","3","205","1"
"3292","8797","4","102","1"
"2708","11144","4","401","1"
"2706","11144","2","202","1"
"2705","11144","1","101","1"
"2707","11144","3","102","1"
"341","9583","1","204","1"
"342","9583","2","102","1"
"343","9583","3","103","1"
"344","9583","4","401","1"
"405","8173","1","103","1"
"406","8173","2","102","1"
"407","8173","3","101","1"
"408","8173","4","301","1"
"425","9074","1","204","1"
"426","9074","2","202","1"
"427","9074","3","101","1"
"428","9074","4","103","1"
"357","10799","1","101","1"
"358","10799","2","401","1"
"360","10799","4","103","1"
"373","14548","1","101","1"
"374","14548","2","103","1"
"375","14548","3","204","1"
"376","14548","4","102","1"
"377","10559","1","204","1"
"378","10559","2","202","1"
"379","10559","3","205","1"
"380","10559","4","301","1"
"381","8849","1","101","1"
"382","8849","2","102","1"
"383","8849","3","103","1"
"384","8849","4","204","1"
"397","10849","1","204","1"
"400","10849","4","101","1"
"399","10849","3","202","1"
"437","8640","1","204","1"
"438","8640","2","205","1"
"439","8640","3","401","1"
"440","8640","4","103","1"
"1349","8230","1","204","1"
"1350","8230","2","205","1"
"1352","8230","4","103","1"
"1351","8230","3","101","1"
"421","9367","1","204","1"
"422","9367","2","202","1"
"423","9367","3","205","1"
"424","9367","4","101","1"
"433","14552","1","204","1"
"434","14552","2","202","1"
"435","14552","3","301","1"
"436","14552","4","401","1"
"461","12083","1","101","1"
"462","12083","2","204","1"
"463","12083","3","202","1"
"464","12083","4","401","1"
"2796","11748","4","401","1"
"2794","11748","2","102","1"
"2795","11748","3","101","1"
"2793","11748","1","205","1"
"473","8746","1","205","1"
"474","8746","2","204","1"
"475","8746","3","202","1"
"476","8746","4","101","1"
"477","14544","1","401","1"
"478","14544","2","202","1"
"479","14544","3","205","1"
"480","14544","4","204","1"
"485","11225","1","101","1"
"486","11225","2","202","1"
"487","11225","3","102","1"
"488","11225","4","401","1"
"2845","9256","1","204","1"
"2846","9256","2","101","1"
"2847","9256","3","103","1"
"2848","9256","4","202","1"
"1649","8777","1","101","1"
"1650","8777","2","103","1"
"1652","8777","4","204","1"
"1651","8777","3","202","1"
"505","10659","1","204","1"
"506","10659","2","101","1"
"507","10659","3","202","1"
"508","10659","4","401","1"
"1837","9611","1","102","4"
"1838","9611","2","301","4"
"1839","9611","3","202","4"
"1840","9611","4","201","4"
"1389","9189","1","103","4"
"1390","9189","2","101","4"
"1391","9189","3","203","4"
"1392","9189","4","202","4"
"521","11318","1","102","4"
"522","11318","2","202","4"
"523","11318","3","101","4"
"524","11318","4","301","4"
"529","9319","1","101","4"
"530","9319","2","202","4"
"531","9319","3","102","4"
"532","9319","4","203","4"
"2385","9218","1","204","1"
"2386","9218","2","102","1"
"2387","9218","3","205","1"
"2388","9218","4","202","1"
"1685","10138","1","103","1"
"1686","10138","2","401","1"
"1687","10138","3","101","1"
"1688","10138","4","204","1"
"1933","8725","1","301","1"
"1934","8725","2","204","1"
"1935","8725","3","202","1"
"1936","8725","4","205","1"
"565","8237","1","301","4"
"566","8237","2","101","4"
"567","8237","3","103","4"
"568","8237","4","202","4"
"569","8151","1","101","4"
"570","8151","2","102","4"
"571","8151","3","203","4"
"572","8151","4","103","4"
"573","9378","1","204","1"
"574","9378","2","103","1"
"575","9378","3","102","1"
"576","9378","4","101","1"
"589","9030","1","204","1"
"590","9030","2","301","1"
"591","9030","3","202","1"
"592","9030","4","101","1"
"2101","12164","1","204","1"
"2102","12164","2","101","1"
"2103","12164","3","202","1"
"2104","12164","4","103","1"
"1753","11208","1","204","1"
"1756","11208","4","401","1"
"1755","11208","3","103","1"
"1754","11208","2","202","1"
"3293","12068","1","101","1"
"3294","12068","2","102","1"
"3295","12068","3","204","1"
"3296","12068","4","202","1"
"1765","8505","1","202","4"
"1766","8505","2","102","4"
"1767","8505","3","203","4"
"1768","8505","4","201","4"
"629","10010","1","101","4"
"630","10010","2","102","4"
"631","10010","3","202","4"
"632","10010","4","201","4"
"633","9584","1","204","1"
"634","9584","2","205","1"
"635","9584","3","202","1"
"636","9584","4","101","1"
"1273","8594","1","103","4"
"1274","8594","2","201","4"
"1275","8594","3","203","4"
"1276","8594","4","101","4"
"657","8926","1","202","1"
"658","8926","2","103","1"
"659","8926","3","204","1"
"660","8926","4","102","1"
"661","8921","1","201","4"
"662","8921","2","202","4"
"663","8921","3","203","4"
"664","8921","4","101","4"
"673","9098","1","103","1"
"674","9098","2","101","1"
"675","9098","3","401","1"
"676","9098","4","102","1"
"685","8504","1","103","4"
"686","8504","2","101","4"
"687","8504","3","102","4"
"688","8504","4","202","4"
"693","8360","1","401","4"
"694","8360","2","103","4"
"695","8360","3","102","4"
"696","8360","4","101","4"
"697","11850","1","204","1"
"698","11850","2","202","1"
"699","11850","3","205","1"
"700","11850","4","101","1"
"701","8123","1","204","1"
"702","8123","2","103","1"
"703","8123","3","102","1"
"704","8123","4","101","1"
"705","8754","1","101","4"
"706","8754","2","103","4"
"707","8754","3","202","4"
"708","8754","4","301","4"
"709","10422","1","103","4"
"710","10422","2","102","4"
"711","10422","3","202","4"
"712","10422","4","301","4"
"717","11406","1","401","4"
"718","11406","2","103","4"
"719","11406","3","203","4"
"720","11406","4","102","4"
"1885","9095","1","204","1"
"1886","9095","2","202","1"
"1887","9095","3","205","1"
"1888","9095","4","103","1"
"737","10483","1","401","1"
"738","10483","2","103","1"
"739","10483","3","102","1"
"740","10483","4","101","1"
"741","9233","1","103","4"
"742","9233","2","101","4"
"743","9233","3","102","4"
"744","9233","4","203","4"
"749","9811","1","204","1"
"750","9811","2","101","1"
"751","9811","3","202","1"
"752","9811","4","103","1"
"765","9433","1","204","1"
"766","9433","2","205","1"
"767","9433","3","202","1"
"768","9433","4","103","1"
"769","8410","1","101","4"
"770","8410","2","102","4"
"771","8410","3","203","4"
"772","8410","4","201","4"
"773","8195","1","101","4"
"774","8195","2","102","4"
"775","8195","3","203","4"
"776","8195","4","201","4"
"3190","9305","2","101","1"
"3189","9305","1","301","1"
"3191","9305","3","103","1"
"3192","9305","4","401","1"
"3477","10736","1","101","4"
"3478","10736","2","202","4"
"3479","10736","3","103","4"
"3480","10736","4","301","4"
"805","8396","1","103","1"
"806","8396","2","101","1"
"807","8396","3","102","1"
"808","8396","4","202","1"
"809","8693","1","204","1"
"810","8693","2","202","1"
"811","8693","3","205","1"
"812","8693","4","103","1"
"825","9063","1","101","1"
"826","9063","2","204","1"
"827","9063","3","202","1"
"828","9063","4","103","1"
"833","10753","1","101","4"
"834","10753","2","103","4"
"835","10753","3","102","4"
"836","10753","4","203","4"
"853","10702","1","101","4"
"854","10702","2","103","4"
"855","10702","3","203","4"
"856","10702","4","301","4"
"873","11074","1","204","1"
"874","11074","2","202","1"
"875","11074","3","102","1"
"876","11074","4","103","1"
"877","8621","1","103","1"
"878","8621","2","102","1"
"879","8621","3","101","1"
"880","8621","4","204","1"
"1549","9032","1","103","1"
"1550","9032","2","204","1"
"1551","9032","3","202","1"
"1552","9032","4","205","1"
"1585","9478","1","204","1"
"1586","9478","2","202","1"
"1587","9478","3","103","1"
"1588","9478","4","401","1"
"1417","11284","1","204","1"
"1419","11284","3","301","1"
"1420","11284","4","205","1"
"1418","11284","2","202","1"
"909","9268","1","202","4"
"910","9268","2","301","4"
"911","9268","3","102","4"
"912","9268","4","103","4"
"913","8340","1","204","1"
"914","8340","2","202","1"
"915","8340","3","205","1"
"916","8340","4","102","1"
"937","8154","1","101","2"
"939","8154","3","301","2"
"938","8154","2","204","2"
"940","8154","4","401","2"
"933","11097","1","101","2"
"934","11097","2","204","2"
"935","11097","3","202","2"
"936","11097","4","205","2"
"1421","8610","1","103","2"
"1422","8610","2","101","2"
"1423","8610","3","204","2"
"1424","8610","4","202","2"
"1953","8267","1","204","2"
"1954","8267","2","205","2"
"1955","8267","3","202","2"
"1956","8267","4","103","2"
"957","8685","1","204","2"
"958","8685","2","202","2"
"959","8685","3","101","2"
"960","8685","4","205","2"
"1325","11372","1","204","2"
"1327","11372","3","101","2"
"1326","11372","2","102","2"
"1328","11372","4","202","2"
"985","8825","1","203","4"
"986","8825","2","201","4"
"987","8825","3","102","4"
"988","8825","4","301","4"
"1889","9807","1","204","2"
"1890","9807","2","101","2"
"1891","9807","3","103","2"
"1892","9807","4","202","2"
"1013","5916","1","202","4"
"1014","5916","2","102","4"
"1015","5916","3","101","4"
"1016","5916","4","201","4"
"2017","11061","1","101","2"
"2018","11061","2","103","2"
"2019","11061","3","301","2"
"2020","11061","4","204","2"
"1657","8716","1","204","2"
"1658","8716","2","202","2"
"1659","8716","3","205","2"
"1660","8716","4","301","2"
"1029","8566","1","301","2"
"1030","8566","2","103","2"
"1031","8566","3","401","2"
"1032","8566","4","102","2"
"1033","9750","1","204","2"
"1034","9750","2","301","2"
"1035","9750","3","202","2"
"1036","9750","4","103","2"
"1737","8414","1","204","2"
"1738","8414","2","101","2"
"1739","8414","3","205","2"
"1740","8414","4","103","2"
"1045","8493","1","101","2"
"1046","8493","2","204","2"
"1047","8493","3","102","2"
"1048","8493","4","301","2"
"1209","11418","1","102","2"
"1210","11418","2","101","2"
"1211","11418","3","103","2"
"1212","11418","4","202","2"
"1053","9492","1","204","2"
"1054","9492","2","205","2"
"1055","9492","3","202","2"
"1056","9492","4","301","2"
"1061","9146","1","204","2"
"1062","9146","2","202","2"
"1063","9146","3","205","2"
"1064","9146","4","101","2"
"1365","10892","1","101","2"
"1366","10892","2","204","2"
"1368","10892","4","301","2"
"1367","10892","3","202","2"
"3269","10787","1","204","2"
"3270","10787","2","202","2"
"3271","10787","3","205","2"
"3272","10787","4","103","2"
"2641","11098","1","101","2"
"2642","11098","2","202","2"
"2643","11098","3","103","2"
"2644","11098","4","204","2"
"1151","8307","3","101","2"
"1149","8307","1","204","2"
"1150","8307","2","202","2"
"1152","8307","4","205","2"
"1097","8516","1","101","2"
"1098","8516","2","103","2"
"1099","8516","3","204","2"
"1100","8516","4","205","2"
"1117","9731","1","204","2"
"1118","9731","2","202","2"
"1119","9731","3","101","2"
"1120","9731","4","205","2"
"1113","9062","1","101","1"
"1114","9062","2","204","1"
"1115","9062","3","202","1"
"1116","9062","4","102","1"
"1245","9396","1","204","2"
"1246","9396","2","301","2"
"1247","9396","3","101","2"
"1248","9396","4","102","2"
"1165","9118","1","103","2"
"1166","9118","2","101","2"
"1167","9118","3","202","2"
"1168","9118","4","204","2"
"1137","8509","1","204","2"
"1138","8509","2","202","2"
"1139","8509","3","205","2"
"1140","8509","4","101","2"
"2789","11433","1","202","2"
"2791","11433","3","204","2"
"2790","11433","2","101","2"
"2792","11433","4","103","2"
"1869","9658","1","204","2"
"1870","9658","2","202","2"
"1871","9658","3","205","2"
"1872","9658","4","101","2"
"1189","9301","1","101","1"
"1190","9301","2","102","1"
"1191","9301","3","204","1"
"1192","9301","4","103","1"
"1817","8207","1","101","1"
"1818","8207","2","204","1"
"1819","8207","3","205","1"
"1820","8207","4","103","1"
"1193","9640","1","102","1"
"1194","9640","2","204","1"
"1195","9640","3","103","1"
"1196","9640","4","101","1"
"2077","12457","1","102","2"
"2078","12457","2","204","2"
"2079","12457","3","202","2"
"2080","12457","4","103","2"
"2633","12316","1","101","4"
"2634","12316","2","103","4"
"2635","12316","3","201","4"
"2636","12316","4","301","4"
"1873","11851","1","101","2"
"1874","11851","2","202","2"
"1875","11851","3","204","2"
"1876","11851","4","205","2"
"1773","11887","1","101","2"
"1774","11887","2","103","2"
"1775","11887","3","202","2"
"1776","11887","4","204","2"
"3241","9444","1","103","2"
"3243","9444","3","102","2"
"3242","9444","2","101","2"
"3244","9444","4","204","2"
"1257","8966","1","101","2"
"1258","8966","2","204","2"
"1259","8966","3","205","2"
"1260","8966","4","202","2"
"1261","9949","1","101","2"
"1262","9949","2","102","2"
"1263","9949","3","202","2"
"1264","9949","4","204","2"
"3437","9636","1","101","1"
"3438","9636","2","202","1"
"3439","9636","3","301","1"
"3440","9636","4","204","1"
"1269","10829","1","101","2"
"1270","10829","2","204","2"
"1271","10829","3","202","2"
"1272","10829","4","102","2"
"1285","9550","1","204","1"
"1286","9550","2","202","1"
"1287","9550","3","103","1"
"1288","9550","4","102","1"
"1697","11126","1","204","2"
"1698","11126","2","205","2"
"1699","11126","3","101","2"
"1700","11126","4","202","2"
"1293","7076","1","202","2"
"1294","7076","2","204","2"
"1295","7076","3","101","2"
"1296","7076","4","205","2"
"1309","14584","1","204","1"
"1310","14584","2","205","1"
"1311","14584","3","103","1"
"1312","14584","4","102","1"
"1305","11721","1","204","1"
"1306","11721","2","101","1"
"1307","11721","3","103","1"
"1308","11721","4","202","1"
"1741","12163","1","101","4"
"1742","12163","2","201","4"
"1743","12163","3","202","4"
"1744","12163","4","203","4"
"1317","9344","1","204","2"
"1318","9344","2","101","2"
"1319","9344","3","205","2"
"1320","9344","4","102","2"
"1337","10801","1","101","4"
"1338","10801","2","103","4"
"1339","10801","3","203","4"
"1340","10801","4","102","4"
"1353","9123","1","101","2"
"1354","9123","2","102","2"
"1355","9123","3","103","2"
"1356","9123","4","202","2"
"1661","9220","1","202","2"
"1662","9220","2","204","2"
"1663","9220","3","103","2"
"1664","9220","4","205","2"
"1369","8346","1","204","2"
"1370","8346","2","101","2"
"1371","8346","3","205","2"
"1372","8346","4","202","2"
"1377","9381","1","101","2"
"1380","9381","4","102","2"
"1378","9381","2","103","2"
"1379","9381","3","301","2"
"1381","8322","1","103","2"
"1382","8322","2","101","2"
"1383","8322","3","401","2"
"1384","8322","4","204","2"
"1385","9143","1","101","2"
"1386","9143","2","204","2"
"1387","9143","3","205","2"
"1388","9143","4","202","2"
"2569","8372","1","101","2"
"2570","8372","2","301","2"
"2572","8372","4","202","2"
"2571","8372","3","103","2"
"1401","8501","1","101","1"
"1402","8501","2","202","1"
"1403","8501","3","204","1"
"1404","8501","4","301","1"
"1845","8367","1","204","2"
"1846","8367","2","101","2"
"1847","8367","3","205","2"
"1848","8367","4","202","2"
"1473","8240","1","204","1"
"1474","8240","2","205","1"
"1475","8240","3","101","1"
"1476","8240","4","103","1"
"1605","7594","1","101","2"
"1606","7594","2","204","2"
"1607","7594","3","202","2"
"1608","7594","4","102","2"
"1617","9295","1","102","2"
"1618","9295","2","301","2"
"1619","9295","3","101","2"
"1620","9295","4","202","2"
"3033","11673","1","101","2"
"3034","11673","2","202","2"
"3035","11673","3","103","2"
"1477","11401","1","204","2"
"1478","11401","2","301","2"
"1479","11401","3","101","2"
"1480","11401","4","103","2"
"1481","10652","1","103","2"
"1482","10652","2","101","2"
"1483","10652","3","202","2"
"1484","10652","4","204","2"
"1489","8424","1","102","2"
"1490","8424","2","101","2"
"1491","8424","3","204","2"
"1492","8424","4","301","2"
"1493","8709","1","204","1"
"1494","8709","2","202","1"
"1495","8709","3","102","1"
"1496","8709","4","205","1"
"1497","9229","1","202","1"
"1498","9229","2","205","1"
"1499","9229","3","204","1"
"1500","9229","4","401","1"
"1769","9303","1","203","4"
"1770","9303","2","101","4"
"1771","9303","3","102","4"
"1772","9303","4","202","4"
"1941","10638","1","301","2"
"1943","10638","3","103","2"
"1942","10638","2","101","2"
"1944","10638","4","102","2"
"3277","8871","1","201","4"
"3278","8871","2","202","4"
"3280","8871","4","103","4"
"3279","8871","3","101","4"
"1833","10146","1","101","2"
"1834","10146","2","204","2"
"1835","10146","3","401","2"
"1836","10146","4","205","2"
"1553","8514","1","101","2"
"1554","8514","2","103","2"
"1555","8514","3","202","2"
"1556","8514","4","401","2"
"1557","9087","1","103","2"
"1558","9087","2","102","2"
"1559","9087","3","301","2"
"1560","9087","4","101","2"
"1561","9526","1","204","2"
"1562","9526","2","205","2"
"1563","9526","3","202","2"
"1564","9526","4","103","2"
"1565","12157","1","202","2"
"1566","12157","2","204","2"
"1567","12157","3","205","2"
"1568","12157","4","301","2"
"1877","8771","1","103","2"
"1878","8771","2","202","2"
"1879","8771","3","301","2"
"1880","8771","4","204","2"
"1577","9488","1","101","2"
"1578","9488","2","301","2"
"1579","9488","3","103","2"
"1580","9488","4","204","2"
"1581","11012","1","204","2"
"1582","11012","2","103","2"
"1583","11012","3","101","2"
"1584","11012","4","301","2"
"1589","11819","1","101","2"
"1590","11819","2","204","2"
"1591","11819","3","202","2"
"1592","11819","4","301","2"
"1597","11422","1","201","4"
"1598","11422","2","101","4"
"1599","11422","3","203","4"
"1600","11422","4","202","4"
"1613","12043","1","203","4"
"1614","12043","2","101","4"
"1615","12043","3","201","4"
"1616","12043","4","103","4"
"2993","9753","1","204","2"
"2994","9753","2","101","2"
"2995","9753","3","103","2"
"2996","9753","4","202","2"
"2417","9362","1","204","2"
"2418","9362","2","205","2"
"2419","9362","3","202","2"
"2420","9362","4","101","2"
"2089","8584","1","204","2"
"2090","8584","2","101","2"
"2091","8584","3","102","2"
"2092","8584","4","202","2"
"3185","12072","1","101","2"
"3186","12072","2","204","2"
"3187","12072","3","401","2"
"3188","12072","4","301","2"
"1641","7768","1","101","2"
"1642","7768","2","204","2"
"1643","7768","3","202","2"
"1644","7768","4","205","2"
"1648","11761","4","202","2"
"1646","11761","2","204","2"
"1647","11761","3","205","2"
"1653","8339","1","102","1"
"1654","8339","2","101","1"
"1655","8339","3","103","1"
"1656","8339","4","204","1"
"1673","10143","1","101","1"
"1674","10143","2","103","1"
"1675","10143","3","202","1"
"1676","10143","4","204","1"
"2913","10812","1","301","2"
"2914","10812","2","102","2"
"2915","10812","3","401","2"
"2916","10812","4","103","2"
"1693","8403","1","101","2"
"1694","8403","2","102","2"
"1695","8403","3","204","2"
"1696","8403","4","205","2"
"2765","10594","1","401","4"
"2766","10594","2","301","4"
"2767","10594","3","102","4"
"2768","10594","4","101","4"
"1733","10679","1","204","2"
"1734","10679","2","202","2"
"1735","10679","3","205","2"
"1736","10679","4","101","2"
"1745","8474","1","103","4"
"1746","8474","2","101","4"
"1747","8474","3","102","4"
"1748","8474","4","202","4"
"1761","10901","1","204","2"
"1762","10901","2","202","2"
"1763","10901","3","205","2"
"1764","10901","4","101","2"
"2501","8290","1","401","4"
"2502","8290","2","102","4"
"2503","8290","3","103","4"
"2504","8290","4","101","4"
"1785","8971","1","301","2"
"1786","8971","2","101","2"
"1787","8971","3","202","2"
"1788","8971","4","204","2"
"1789","11320","1","204","1"
"1790","11320","2","205","1"
"1791","11320","3","202","1"
"1792","11320","4","101","1"
"1797","8927","1","102","1"
"1798","8927","2","301","1"
"1799","8927","3","101","1"
"1800","8927","4","401","1"
"3317","11145","1","202","2"
"3318","11145","2","204","2"
"3319","11145","3","205","2"
"3320","11145","4","301","2"
"1829","9212","1","103","2"
"1830","9212","2","101","2"
"1831","9212","3","102","2"
"1832","9212","4","204","2"
"2585","11101","1","204","2"
"2586","11101","2","101","2"
"2587","11101","3","202","2"
"2588","11101","4","103","2"
"1853","8495","1","103","4"
"1854","8495","2","101","4"
"1855","8495","3","102","4"
"1856","8495","4","301","4"
"3113","9904","1","103","4"
"3114","9904","2","101","4"
"3115","9904","3","203","4"
"3116","9904","4","102","4"
"1893","8057","1","103","1"
"1894","8057","2","101","1"
"1895","8057","3","204","1"
"1896","8057","4","202","1"
"3097","9103","1","204","1"
"3098","9103","2","202","1"
"3099","9103","3","101","1"
"3100","9103","4","301","1"
"3485","9328","1","101","4"
"3487","9328","3","203","4"
"3488","9328","4","103","4"
"3486","9328","2","202","4"
"1913","8472","1","204","2"
"1914","8472","2","202","2"
"1915","8472","3","301","2"
"1916","8472","4","101","2"
"3357","8999","1","101","4"
"3358","8999","2","102","4"
"3360","8999","4","301","4"
"3359","8999","3","103","4"
"2762","8546","2","203","4"
"2761","8546","1","101","4"
"2763","8546","3","102","4"
"2764","8546","4","201","4"
"1945","8352","1","102","4"
"1946","8352","2","101","4"
"1947","8352","3","103","4"
"1948","8352","4","201","4"
"1957","8281","1","203","4"
"1958","8281","2","101","4"
"1959","8281","3","201","4"
"1960","8281","4","202","4"
"1961","9629","1","101","2"
"1962","9629","2","103","2"
"1963","9629","3","204","2"
"1964","9629","4","301","2"
"3429","9976","1","103","4"
"3431","9976","3","101","4"
"3430","9976","2","202","4"
"3432","9976","4","203","4"
"1969","8323","1","103","4"
"1970","8323","2","301","4"
"1971","8323","3","401","4"
"1972","8323","4","101","4"
"1977","11835","1","103","4"
"1978","11835","2","203","4"
"1979","11835","3","201","4"
"1980","11835","4","301","4"
"1981","9895","1","101","2"
"1982","9895","2","102","2"
"1983","9895","3","301","2"
"1984","9895","4","202","2"
"2729","10755","1","103","4"
"2730","10755","2","101","4"
"2731","10755","3","102","4"
"2732","10755","4","301","4"
"1989","11114","1","102","4"
"1990","11114","2","301","4"
"1991","11114","3","203","4"
"1992","11114","4","202","4"
"1997","10687","1","201","4"
"1998","10687","2","203","4"
"1999","10687","3","202","4"
"2000","10687","4","101","4"
"2005","8269","1","102","4"
"2006","8269","2","103","4"
"2007","8269","3","202","4"
"2008","8269","4","101","4"
"2009","11040","1","301","4"
"2010","11040","2","201","4"
"2011","11040","3","101","4"
"2012","11040","4","103","4"
"2045","7355","1","202","2"
"2046","7355","2","301","2"
"2047","7355","3","205","2"
"2048","7355","4","204","2"
"3205","9086","1","301","4"
"3206","9086","2","202","4"
"3207","9086","3","201","4"
"3208","9086","4","101","4"
"2837","9029","1","101","4"
"2838","9029","2","102","4"
"2839","9029","3","203","4"
"2840","9029","4","301","4"
"2061","8083","1","103","4"
"2062","8083","2","101","4"
"2063","8083","3","201","4"
"2064","8083","4","202","4"
"2069","8411","1","204","2"
"2070","8411","2","202","2"
"2071","8411","3","101","2"
"2072","8411","4","103","2"
"2073","9151","1","202","2"
"2074","9151","2","101","2"
"2075","9151","3","204","2"
"2076","9151","4","205","2"
"2093","11247","1","301","4"
"2094","11247","2","202","4"
"2095","11247","3","102","4"
"2096","11247","4","103","4"
"2097","8309","1","201","4"
"2098","8309","2","203","4"
"2099","8309","3","101","4"
"2100","8309","4","202","4"
"3481","9820","1","101","4"
"3482","9820","2","103","4"
"3483","9820","3","202","4"
"3484","9820","4","102","4"
"2109","8413","1","204","2"
"2110","8413","2","101","2"
"2111","8413","3","103","2"
"2112","8413","4","202","2"
"2121","8432","1","103","4"
"2122","8432","2","301","4"
"2123","8432","3","101","4"
"2124","8432","4","203","4"
"2177","10916","1","204","1"
"2178","10916","2","202","1"
"2179","10916","3","205","1"
"2180","10916","4","102","1"
"2129","11724","1","204","2"
"2130","11724","2","205","2"
"2131","11724","3","202","2"
"2132","11724","4","101","2"
"2133","9186","1","103","4"
"2134","9186","2","301","4"
"2135","9186","3","101","4"
"2136","9186","4","102","4"
"3401","8801","1","204","1"
"3403","8801","3","103","1"
"3402","8801","2","401","1"
"3404","8801","4","202","1"
"2145","8733","1","202","1"
"2146","8733","2","204","1"
"2147","8733","3","102","1"
"2148","8733","4","103","1"
"2153","9777","1","204","1"
"2154","9777","2","205","1"
"2155","9777","3","202","1"
"2156","9777","4","101","1"
"2157","8611","1","203","4"
"2158","8611","2","201","4"
"2159","8611","3","202","4"
"2160","8611","4","101","4"
"2645","8336","1","101","4"
"2646","8336","2","203","4"
"2647","8336","3","102","4"
"2648","8336","4","201","4"
"2165","9716","1","101","2"
"2166","9716","2","103","2"
"2167","9716","3","204","2"
"2168","9716","4","202","2"
"2173","8577","1","101","4"
"2174","8577","2","103","4"
"2175","8577","3","201","4"
"2176","8577","4","102","4"
"2201","8473","1","401","4"
"2202","8473","2","202","4"
"2203","8473","3","103","4"
"2204","8473","4","101","4"
"2217","8829","1","101","4"
"2218","8829","2","202","4"
"2219","8829","3","301","4"
"2220","8829","4","103","4"
"2213","8356","1","103","4"
"2214","8356","2","101","4"
"2215","8356","3","102","4"
"2216","8356","4","202","4"
"2237","11018","1","203","4"
"2238","11018","2","102","4"
"2239","11018","3","101","4"
"2240","11018","4","201","4"
"2225","11501","1","103","4"
"2226","11501","2","301","4"
"2227","11501","3","101","4"
"2228","11501","4","202","4"
"2233","8695","1","101","4"
"2234","8695","2","201","4"
"2235","8695","3","203","4"
"2236","8695","4","103","4"
"2269","9609","1","101","2"
"2270","9609","2","204","2"
"2271","9609","3","103","2"
"2272","9609","4","202","2"
"2257","9657","1","101","4"
"2258","9657","2","201","4"
"2259","9657","3","203","4"
"2260","9657","4","103","4"
"2289","8935","1","102","4"
"2290","8935","2","202","4"
"2292","8935","4","101","4"
"2291","8935","3","103","4"
"2293","8515","1","103","4"
"2294","8515","2","101","4"
"2295","8515","3","102","4"
"2296","8515","4","202","4"
"2301","10875","1","203","4"
"2302","10875","2","202","4"
"2303","10875","3","101","4"
"2304","10875","4","102","4"
"2433","8756","1","101","4"
"2434","8756","2","202","4"
"2435","8756","3","301","4"
"2436","8756","4","203","4"
"2509","9375","1","102","4"
"2510","9375","2","101","4"
"2511","9375","3","202","4"
"2512","9375","4","201","4"
"2325","9288","1","101","4"
"2326","9288","2","201","4"
"2327","9288","3","102","4"
"2328","9288","4","202","4"
"2329","12087","1","101","4"
"2330","12087","2","202","4"
"2331","12087","3","103","4"
"2332","12087","4","301","4"
"3353","10519","1","301","4"
"3354","10519","2","103","4"
"3355","10519","3","203","4"
"3356","10519","4","401","4"
"2341","8236","1","101","2"
"2342","8236","2","204","2"
"2343","8236","3","202","2"
"2344","8236","4","301","2"
"2345","10508","1","401","4"
"2346","10508","2","101","4"
"2347","10508","3","102","4"
"2348","10508","4","103","4"
"2361","10050","1","102","1"
"2362","10050","2","204","1"
"2363","10050","3","202","1"
"2364","10050","4","301","1"
"2373","10249","1","103","1"
"2374","10249","2","101","1"
"2375","10249","3","102","1"
"2376","10249","4","202","1"
"2377","9484","1","102","4"
"2378","9484","2","101","4"
"2379","9484","3","202","4"
"2380","9484","4","203","4"
"2469","10657","1","101","4"
"2471","10657","3","203","4"
"2470","10657","2","401","4"
"2472","10657","4","301","4"
"2389","9057","1","101","1"
"2390","9057","2","102","1"
"2391","9057","3","204","1"
"2392","9057","4","202","1"
"3141","11080","1","102","4"
"3142","11080","2","103","4"
"3143","11080","3","101","4"
"3144","11080","4","203","4"
"2397","12183","1","204","2"
"2398","12183","2","202","2"
"2399","12183","3","101","2"
"2400","12183","4","205","2"
"2401","8477","1","204","2"
"2402","8477","2","103","2"
"2403","8477","3","102","2"
"2404","8477","4","101","2"
"2429","8345","1","201","4"
"2430","8345","2","203","4"
"2431","8345","3","101","4"
"2432","8345","4","102","4"
"2441","7119","1","101","4"
"2442","7119","2","202","4"
"2443","7119","3","301","4"
"2444","7119","4","203","4"
"2453","8283","1","301","1"
"2454","8283","2","101","1"
"2455","8283","3","202","1"
"2456","8283","4","204","1"
"2457","9312","1","204","2"
"2458","9312","2","202","2"
"2459","9312","3","205","2"
"2460","9312","4","101","2"
"3325","8153","1","102","4"
"3326","8153","2","201","4"
"3327","8153","3","101","4"
"3328","8153","4","203","4"
"2473","14604","1","204","2"
"2474","14604","2","101","2"
"2475","14604","3","202","2"
"2476","14604","4","102","2"
"2477","9114","1","204","2"
"2478","9114","2","205","2"
"2479","9114","3","101","2"
"2480","9114","4","202","2"
"2481","9392","1","101","4"
"2482","9392","2","103","4"
"2483","9392","3","202","4"
"2484","9392","4","201","4"
"3425","11890","1","202","2"
"3426","11890","2","204","2"
"3427","11890","3","101","2"
"3428","11890","4","301","2"
"2493","8215","1","401","4"
"2494","8215","2","102","4"
"2495","8215","3","101","4"
"2496","8215","4","301","4"
"3089","9639","1","203","4"
"3090","9639","2","201","4"
"3091","9639","3","202","4"
"3092","9639","4","102","4"
"2521","9282","1","103","4"
"2522","9282","2","203","4"
"2523","9282","3","401","4"
"2524","9282","4","101","4"
"2525","8874","1","103","4"
"2526","8874","2","101","4"
"2527","8874","3","202","4"
"2528","8874","4","201","4"
"2533","10689","1","203","4"
"2534","10689","2","101","4"
"2535","10689","3","202","4"
"2536","10689","4","103","4"
"3273","9350","1","102","2"
"3274","9350","2","204","2"
"3275","9350","3","101","2"
"3276","9350","4","205","2"
"2858","9547","2","102","4"
"2857","9547","1","101","4"
"2859","9547","3","203","4"
"2860","9547","4","202","4"
"3365","12465","1","103","4"
"3366","12465","2","101","4"
"3367","12465","3","202","4"
"3368","12465","4","201","4"
"2561","8675","1","202","2"
"2562","8675","2","204","2"
"2563","8675","3","101","2"
"2564","8675","4","205","2"
"2573","8957","1","204","2"
"2574","8957","2","101","2"
"2575","8957","3","202","2"
"2576","8957","4","103","2"
"2581","8130","1","204","2"
"2582","8130","2","205","2"
"2583","8130","3","103","2"
"2584","8130","4","301","2"
"2597","10704","1","102","4"
"2598","10704","2","202","4"
"2599","10704","3","101","4"
"2600","10704","4","201","4"
"2601","10194","1","101","2"
"2602","10194","2","103","2"
"2603","10194","3","301","2"
"2604","10194","4","204","2"
"2605","8199","1","103","4"
"2606","8199","2","102","4"
"2607","8199","3","301","4"
"2608","8199","4","101","4"
"2841","9676","1","203","4"
"2842","9676","2","101","4"
"2843","9676","3","102","4"
"2844","9676","4","103","4"
"2621","8379","1","102","4"
"2622","8379","2","202","4"
"2623","8379","3","203","4"
"2624","8379","4","101","4"
"2625","9401","1","205","1"
"2626","9401","2","204","1"
"2627","9401","3","202","1"
"2628","9401","4","102","1"
"2649","9389","1","102","4"
"2650","9389","2","202","4"
"2651","9389","3","201","4"
"2652","9389","4","203","4"
"2657","11204","1","101","4"
"2658","11204","2","103","4"
"2659","11204","3","203","4"
"2660","11204","4","201","4"
"2669","11259","1","204","2"
"2670","11259","2","103","2"
"2671","11259","3","401","2"
"2672","11259","4","301","2"
"2681","9466","1","204","2"
"2682","9466","2","101","2"
"2683","9466","3","205","2"
"2684","9466","4","103","2"
"3389","8929","1","102","4"
"3390","8929","2","101","4"
"3391","8929","3","103","4"
"3392","8929","4","301","4"
"2709","11587","1","205","1"
"2710","11587","2","401","1"
"2711","11587","3","102","1"
"2712","11587","4","202","1"
"3393","9403","1","103","4"
"3394","9403","2","102","4"
"3395","9403","3","101","4"
"3396","9403","4","202","4"
"2721","9330","1","301","4"
"2722","9330","2","202","4"
"2723","9330","3","102","4"
"2724","9330","4","201","4"
"2741","8464","1","102","4"
"2743","8464","3","201","4"
"2742","8464","2","101","4"
"2744","8464","4","202","4"
"2753","9179","1","102","1"
"2754","9179","2","101","1"
"2755","9179","3","204","1"
"2756","9179","4","103","1"
"2829","9830","1","101","1"
"2830","9830","2","204","1"
"2831","9830","3","401","1"
"2832","9830","4","103","1"
"2757","9891","1","103","1"
"2758","9891","2","202","1"
"2759","9891","3","204","1"
"2760","9891","4","102","1"
"2781","10107","1","103","1"
"2782","10107","2","204","1"
"2783","10107","3","202","1"
"2784","10107","4","205","1"
"2785","9555","1","101","2"
"2786","9555","2","204","2"
"2787","9555","3","103","2"
"2788","9555","4","301","2"
"2801","8263","1","204","2"
"2802","8263","2","202","2"
"2803","8263","3","205","2"
"2804","8263","4","101","2"
"2805","10553","1","101","4"
"2806","10553","2","201","4"
"2807","10553","3","203","4"
"2808","10553","4","401","4"
"2813","10114","1","101","4"
"2814","10114","2","102","4"
"2815","10114","3","103","4"
"2816","10114","4","203","4"
"2833","12128","1","202","2"
"2834","12128","2","204","2"
"2835","12128","3","103","2"
"2836","12128","4","101","2"
"2853","9806","1","204","2"
"2854","9806","2","103","2"
"2855","9806","3","101","2"
"2856","9806","4","202","2"
"2865","8462","1","204","2"
"2866","8462","2","205","2"
"2867","8462","3","202","2"
"2868","8462","4","101","2"
"2893","9765","1","301","2"
"2894","9765","2","202","2"
"2895","9765","3","401","2"
"2896","9765","4","204","2"
"2881","9117","1","204","2"
"2882","9117","2","202","2"
"2883","9117","3","101","2"
"2884","9117","4","205","2"
"2889","9436","1","101","1"
"2890","9436","2","103","1"
"2891","9436","3","202","1"
"2892","9436","4","204","1"
"2925","10832","1","401","4"
"2926","10832","2","301","4"
"2927","10832","3","103","4"
"2928","10832","4","202","4"
"2921","11102","1","202","4"
"2922","11102","2","101","4"
"2923","11102","3","203","4"
"2924","11102","4","201","4"
"3109","9972","1","103","4"
"3110","9972","2","101","4"
"3111","9972","3","202","4"
"3112","9972","4","102","4"
"3285","9490","1","101","4"
"3286","9490","2","103","4"
"3287","9490","3","203","4"
"3288","9490","4","201","4"
"2941","10626","1","103","1"
"2942","10626","2","102","1"
"2943","10626","3","204","1"
"2944","10626","4","101","1"
"2949","11267","1","401","1"
"2950","11267","2","301","1"
"2951","11267","3","101","1"
"2952","11267","4","103","1"
"2953","9441","1","103","4"
"2954","9441","2","101","4"
"2955","9441","3","102","4"
"2956","9441","4","202","4"
"2981","9591","1","301","2"
"2983","9591","3","205","2"
"3049","7197","1","204","2"
"3050","7197","2","202","2"
"3051","7197","3","102","2"
"3052","7197","4","101","2"
"2982","9591","2","101","2"
"2984","9591","4","202","2"
"2997","11539","1","202","4"
"2998","11539","2","101","4"
"2999","11539","3","103","4"
"3000","11539","4","102","4"
"3013","8574","1","202","4"
"3014","8574","2","101","4"
"3015","8574","3","102","4"
"3016","8574","4","201","4"
"3017","10102","1","103","4"
"3018","10102","2","102","4"
"3019","10102","3","101","4"
"3020","10102","4","203","4"
"3021","11577","1","102","4"
"3022","11577","2","203","4"
"3023","11577","3","202","4"
"3024","11577","4","101","4"
"3025","9471","1","102","4"
"3026","9471","2","101","4"
"3027","9471","3","203","4"
"3028","9471","4","201","4"
"3029","12270","1","203","4"
"3030","12270","2","202","4"
"3031","12270","3","101","4"
"3032","12270","4","102","4"
"3036","11673","4","204","2"
"3053","9617","1","101","4"
"3054","9617","2","102","4"
"3055","9617","3","103","4"
"3056","9617","4","301","4"
"3069","9383","1","101","1"
"3070","9383","2","102","1"
"3071","9383","3","103","1"
"3072","9383","4","204","1"
"3081","10841","1","202","4"
"3082","10841","2","101","4"
"3083","10841","3","102","4"
"3084","10841","4","201","4"
"3085","8282","1","101","1"
"3086","8282","2","102","1"
"3087","8282","3","103","1"
"3088","8282","4","204","1"
"3105","9008","1","101","1"
"3106","9008","2","301","1"
"3107","9008","3","103","1"
"3108","9008","4","102","1"
"3154","9510","2","204","2"
"3153","9510","1","102","2"
"3155","9510","3","202","2"
"3156","9510","4","103","2"
"3237","6856","1","204","2"
"3238","6856","2","103","2"
"3239","6856","3","205","2"
"3240","6856","4","202","2"
"3137","8712","1","204","2"
"3138","8712","2","202","2"
"3139","8712","3","205","2"
"3140","8712","4","101","2"
"3161","8589","1","205","1"
"3162","8589","2","101","1"
"3163","8589","3","301","1"
"3164","8589","4","202","1"
"3169","9207","1","102","1"
"3170","9207","2","103","1"
"3171","9207","3","204","1"
"3172","9207","4","101","1"
"3181","8841","1","101","2"
"3182","8841","2","204","2"
"3183","8841","3","103","2"
"3184","8841","4","202","2"
"3201","9300","1","102","4"
"3202","9300","2","101","4"
"3203","9300","3","103","4"
"3204","9300","4","401","4"
"3209","8285","1","101","2"
"3210","8285","2","204","2"
"3211","8285","3","301","2"
"3212","8285","4","205","2"
"3261","11793","1","103","2"
"3262","11793","2","301","2"
"3263","11793","3","204","2"
"3264","11793","4","202","2"
"3225","9778","1","101","4"
"3226","9778","2","301","4"
"3227","9778","3","103","4"
"3228","9778","4","102","4"
"3229","11585","1","301","4"
"3230","11585","2","203","4"
"3231","11585","3","102","4"
"3232","11585","4","103","4"
"3249","8860","1","301","4"
"3250","8860","2","202","4"
"3251","8860","3","201","4"
"3252","8860","4","203","4"
"3349","11685","1","301","2"
"3352","11685","4","205","2"
"3351","11685","3","102","2"
"3350","11685","2","401","2"
"3321","10601","1","204","2"
"3322","10601","2","103","2"
"3323","10601","3","301","2"
"3324","10601","4","202","2"
"3333","10777","1","102","4"
"3334","10777","2","202","4"
"3335","10777","3","103","4"
"3336","10777","4","301","4"
"3361","9079","1","401","2"
"3362","9079","2","301","2"
"3363","9079","3","204","2"
"3364","9079","4","103","2"
"3385","8835","1","204","2"
"3386","8835","2","202","2"
"3387","8835","3","101","2"
"3388","8835","4","103","2"
"3376","9296","4","401","4"
"3374","9296","2","103","4"
"3375","9296","3","301","4"
"3421","9089","1","102","4"
"3423","9089","3","101","4"
"3422","9089","2","202","4"
"3424","9089","4","201","4"
"3457","11936","1","103","2"
"3458","11936","2","301","2"
"3459","11936","3","101","2"
"3460","11936","4","204","2"
"3476","9814","4","103","1"
"3473","9814","1","202","1"
"3475","9814","3","204","1"
"3474","9814","2","101","1"
"3493","12015","1","101","4"
"3494","12015","2","203","4"
"3495","12015","3","202","4"
"3496","12015","4","103","4"
